date,temp_max,temp_min,precipitation,city
2020-01-01,7.8,-2.0,0.0,Milan
2020-01-02,7.0,-2.8,0.0,Milan
2020-01-03,7.9,-2.0,0.0,Milan
2020-01-04,9.3,-2.2,0.0,Milan
2020-01-05,11.0,1.5,0.0,Milan
2020-01-06,6.5,-2.0,0.0,Milan
2020-01-07,4.2,-2.5,0.0,Milan
2020-01-08,4.0,-3.8,0.0,Milan
2020-01-09,8.0,-3.5,0.0,Milan
2020-01-10,7.6,-1.1,0.2,Milan
2020-01-11,8.9,-2.2,0.0,Milan
2020-01-12,8.4,-2.0,0.0,Milan
2020-01-13,6.8,-2.8,0.0,Milan
2020-01-14,4.8,-2.8,0.0,Milan
2020-01-15,5.7,2.0,0.0,Milan
2020-01-16,8.7,-1.0,0.0,Milan
2020-01-17,8.8,-1.2,2.5,Milan
2020-01-18,9.3,1.4,14.8,Milan
2020-01-19,9.1,0.6,3.5,Milan
2020-01-20,8.9,-1.1,0.0,Milan
2020-01-21,6.8,-2.4,0.0,Milan
2020-01-22,8.9,-2.8,0.0,Milan
2020-01-23,8.1,-2.9,0.0,Milan
2020-01-24,6.8,-3.2,0.2,Milan
2020-01-25,6.9,1.8,0.2,Milan
2020-01-26,10.4,-0.3,0.0,Milan
2020-01-27,10.4,-0.2,0.4,Milan
2020-01-28,9.9,2.2,1.5,Milan
2020-01-29,13.2,0.4,0.0,Milan
2020-01-30,10.6,-0.2,0.0,Milan
2020-01-31,13.4,0.2,0.0,Milan
2020-02-01,9.9,5.2,2.0,Milan
2020-02-02,12.8,3.7,0.0,Milan
2020-02-03,17.1,5.0,0.0,Milan
2020-02-04,13.9,3.6,0.2,Milan
2020-02-05,12.4,2.5,0.0,Milan
2020-02-06,10.9,-1.6,0.0,Milan
2020-02-07,11.3,-2.6,0.0,Milan
2020-02-08,9.4,-1.4,0.0,Milan
2020-02-09,8.6,-1.8,0.1,Milan
2020-02-10,11.3,4.4,2.9,Milan
2020-02-11,17.9,3.1,0.0,Milan
2020-02-12,14.9,3.8,0.0,Milan
2020-02-13,10.7,0.2,0.7,Milan
2020-02-14,15.1,2.2,0.0,Milan
2020-02-15,12.9,0.8,0.0,Milan
2020-02-16,12.4,0.4,0.0,Milan
2020-02-17,10.1,7.1,7.1,Milan
2020-02-18,14.8,4.2,0.1,Milan
2020-02-19,14.2,5.1,1.0,Milan
2020-02-20,12.6,1.4,0.0,Milan
2020-02-21,15.4,0.9,0.0,Milan
2020-02-22,13.5,2.5,0.0,Milan
2020-02-23,16.2,3.7,0.0,Milan
2020-02-24,19.5,7.4,0.0,Milan
2020-02-25,13.6,7.9,2.1,Milan
2020-02-26,12.4,3.8,1.0,Milan
2020-02-27,10.7,0.1,0.0,Milan
2020-02-28,14.1,3.0,0.0,Milan
2020-02-29,11.1,2.5,2.3,Milan
2020-03-01,8.4,3.3,3.1,Milan
2020-03-02,7.4,2.5,41.9,Milan
2020-03-03,13.8,4.0,5.8,Milan
2020-03-04,13.4,2.0,0.2,Milan
2020-03-05,9.1,3.5,13.0,Milan
2020-03-06,12.1,2.4,2.7,Milan
2020-03-07,16.2,1.0,0.0,Milan
2020-03-08,13.4,0.9,0.0,Milan
2020-03-09,10.6,2.3,1.3,Milan
2020-03-10,15.7,2.1,0.0,Milan
2020-03-11,19.2,3.8,0.0,Milan
2020-03-12,15.3,7.3,0.4,Milan
2020-03-13,18.5,9.9,2.0,Milan
2020-03-14,12.2,7.8,11.7,Milan
2020-03-15,12.4,4.4,0.0,Milan
2020-03-16,13.9,2.8,0.0,Milan
2020-03-17,15.9,2.8,0.0,Milan
2020-03-18,18.4,3.7,0.0,Milan
2020-03-19,19.5,5.2,0.0,Milan
2020-03-20,17.3,6.3,1.3,Milan
2020-03-21,17.9,5.7,0.0,Milan
2020-03-22,14.8,9.2,0.2,Milan
2020-03-23,9.4,2.2,0.0,Milan
2020-03-24,11.1,0.6,0.0,Milan
2020-03-25,8.1,1.5,0.2,Milan
2020-03-26,7.4,-0.2,0.2,Milan
2020-03-27,13.0,4.6,0.7,Milan
2020-03-28,17.2,8.1,0.0,Milan
2020-03-29,18.5,5.4,3.5,Milan
2020-03-30,14.1,5.9,8.8,Milan
2020-03-31,9.2,2.5,3.6,Milan
2020-04-01,10.2,2.0,0.0,Milan
2020-04-02,12.4,-0.4,0.0,Milan
2020-04-03,15.6,0.7,0.0,Milan
2020-04-04,17.9,2.8,0.0,Milan
2020-04-05,17.4,6.7,0.0,Milan
2020-04-06,19.6,6.7,0.0,Milan
2020-04-07,20.6,6.2,0.0,Milan
2020-04-08,20.6,7.1,0.0,Milan
2020-04-09,22.0,6.4,0.0,Milan
2020-04-10,23.4,6.9,0.0,Milan
2020-04-11,24.5,7.1,0.0,Milan
2020-04-12,23.3,9.2,0.0,Milan
2020-04-13,21.8,10.6,0.0,Milan
2020-04-14,23.0,9.9,0.0,Milan
2020-04-15,16.3,8.4,0.0,Milan
2020-04-16,18.6,5.0,0.0,Milan
2020-04-17,21.8,7.2,0.0,Milan
2020-04-18,22.0,9.1,0.0,Milan
2020-04-19,21.5,10.2,1.6,Milan
2020-04-20,15.4,11.3,15.5,Milan
2020-04-21,15.4,9.2,4.9,Milan
2020-04-22,19.9,7.8,0.0,Milan
2020-04-23,20.6,8.3,0.0,Milan
2020-04-24,23.0,7.8,0.0,Milan
2020-04-25,23.2,11.6,0.0,Milan
2020-04-26,21.9,12.6,0.0,Milan
2020-04-27,19.5,12.2,0.3,Milan
2020-04-28,19.6,13.2,14.5,Milan
2020-04-29,21.9,10.6,2.7,Milan
2020-04-30,19.8,11.7,8.4,Milan
2020-05-01,19.1,11.0,2.2,Milan
2020-05-02,23.6,9.8,0.0,Milan
2020-05-03,22.6,13.6,0.2,Milan
2020-05-04,22.8,12.8,0.0,Milan
2020-05-05,24.0,11.9,0.3,Milan
2020-05-06,22.4,12.9,0.3,Milan
2020-05-07,23.0,12.2,0.0,Milan
2020-05-08,25.5,11.7,0.0,Milan
2020-05-09,25.8,13.1,0.0,Milan
2020-05-10,23.7,15.4,2.6,Milan
2020-05-11,17.4,13.2,20.9,Milan
2020-05-12,22.4,12.9,0.1,Milan
2020-05-13,17.8,12.4,9.7,Milan
2020-05-14,22.6,13.6,10.0,Milan
2020-05-15,20.5,14.9,46.5,Milan
2020-05-16,21.8,14.8,2.5,Milan
2020-05-17,22.4,14.4,6.5,Milan
2020-05-18,25.2,15.5,3.7,Milan
2020-05-19,22.4,16.0,11.7,Milan
2020-05-20,26.1,13.6,0.0,Milan
2020-05-21,25.5,15.9,0.0,Milan
2020-05-22,26.4,15.7,0.0,Milan
2020-05-23,27.0,16.6,1.6,Milan
2020-05-24,24.9,16.6,1.4,Milan
2020-05-25,25.2,15.6,0.0,Milan
2020-05-26,24.5,14.7,0.0,Milan
2020-05-27,24.3,15.1,0.0,Milan
2020-05-28,25.9,12.7,0.1,Milan
2020-05-29,21.5,14.4,0.4,Milan
2020-05-30,23.2,14.7,1.0,Milan
2020-05-31,24.4,14.3,1.1,Milan
2020-06-01,26.1,15.6,0.0,Milan
2020-06-02,28.8,16.1,0.2,Milan
2020-06-03,27.8,14.4,1.5,Milan
2020-06-04,18.0,15.4,22.7,Milan
2020-06-05,25.1,13.8,3.1,Milan
2020-06-06,25.8,14.6,0.0,Milan
2020-06-07,21.8,16.4,46.5,Milan
2020-06-08,18.5,14.6,30.6,Milan
2020-06-09,19.6,14.1,11.2,Milan
2020-06-10,21.4,11.8,1.3,Milan
2020-06-11,20.1,14.2,4.9,Milan
2020-06-12,23.2,13.2,0.4,Milan
2020-06-13,24.4,16.9,0.2,Milan
2020-06-14,25.5,15.9,0.9,Milan
2020-06-15,25.1,15.6,0.9,Milan
2020-06-16,24.2,17.3,4.7,Milan
2020-06-17,21.6,16.8,10.2,Milan
2020-06-18,23.5,14.4,2.3,Milan
2020-06-19,23.5,14.6,1.9,Milan
2020-06-20,26.3,13.7,0.3,Milan
2020-06-21,29.6,16.1,0.0,Milan
2020-06-22,30.1,19.0,0.0,Milan
2020-06-23,30.8,17.8,0.0,Milan
2020-06-24,29.6,19.0,0.0,Milan
2020-06-25,28.3,19.2,0.3,Milan
2020-06-26,28.8,18.1,0.5,Milan
2020-06-27,28.6,19.6,0.5,Milan
2020-06-28,31.6,19.2,0.0,Milan
2020-06-29,30.9,20.2,0.0,Milan
2020-06-30,29.6,21.5,1.0,Milan
2020-07-01,28.2,20.9,1.3,Milan
2020-07-02,30.0,20.3,4.7,Milan
2020-07-03,26.2,19.1,8.9,Milan
2020-07-04,27.5,17.9,2.6,Milan
2020-07-05,29.8,18.5,0.0,Milan
2020-07-06,31.3,19.6,0.9,Milan
2020-07-07,26.1,19.1,0.1,Milan
2020-07-08,27.3,17.7,0.0,Milan
2020-07-09,30.1,18.1,0.0,Milan
2020-07-10,31.8,19.0,0.0,Milan
2020-07-11,28.2,19.8,23.2,Milan
2020-07-12,28.0,19.0,0.0,Milan
2020-07-13,26.8,19.4,0.0,Milan
2020-07-14,26.6,19.1,0.0,Milan
2020-07-15,26.2,17.8,2.8,Milan
2020-07-16,29.0,17.8,0.9,Milan
2020-07-17,28.8,19.5,0.2,Milan
2020-07-18,27.8,18.5,0.3,Milan
2020-07-19,30.5,18.5,0.0,Milan
2020-07-20,32.6,19.8,0.0,Milan
2020-07-21,32.0,21.5,0.0,Milan
2020-07-22,32.8,21.9,3.8,Milan
2020-07-23,31.8,21.0,8.1,Milan
2020-07-24,24.0,18.5,27.4,Milan
2020-07-25,29.5,15.7,0.0,Milan
2020-07-26,29.2,20.0,0.0,Milan
2020-07-27,30.5,20.4,0.2,Milan
2020-07-28,32.7,21.3,0.0,Milan
2020-07-29,33.0,23.0,0.0,Milan
2020-07-30,32.8,22.8,1.6,Milan
2020-07-31,35.2,22.1,3.6,Milan
2020-08-01,35.0,22.1,0.0,Milan
2020-08-02,31.3,22.0,10.5,Milan
2020-08-03,26.1,19.2,16.0,Milan
2020-08-04,26.9,18.4,2.2,Milan
2020-08-05,27.7,15.1,0.0,Milan
2020-08-06,29.6,17.2,0.0,Milan
2020-08-07,30.9,19.5,0.0,Milan
2020-08-08,32.5,21.0,0.0,Milan
2020-08-09,34.0,21.2,0.0,Milan
2020-08-10,33.7,22.6,0.0,Milan
2020-08-11,33.0,21.8,0.0,Milan
2020-08-12,32.0,23.2,0.6,Milan
2020-08-13,28.6,21.8,6.3,Milan
2020-08-14,27.4,20.5,0.4,Milan
2020-08-15,30.8,21.0,0.0,Milan
2020-08-16,28.4,20.6,4.0,Milan
2020-08-17,26.4,19.4,20.4,Milan
2020-08-18,28.0,18.9,5.4,Milan
2020-08-19,28.7,18.7,5.0,Milan
2020-08-20,30.6,20.9,0.6,Milan
2020-08-21,32.0,22.2,0.0,Milan
2020-08-22,33.1,20.6,0.0,Milan
2020-08-23,27.5,20.5,12.1,Milan
2020-08-24,27.2,19.6,0.2,Milan
2020-08-25,27.9,19.1,0.4,Milan
2020-08-26,30.2,20.0,0.5,Milan
2020-08-27,28.9,19.8,0.1,Milan
2020-08-28,26.8,20.1,15.7,Milan
2020-08-29,26.4,19.6,26.6,Milan
2020-08-30,22.8,17.1,32.2,Milan
2020-08-31,23.0,14.6,0.1,Milan
2020-09-01,25.0,14.3,0.0,Milan
2020-09-02,22.2,15.9,6.1,Milan
2020-09-03,24.5,15.1,0.2,Milan
2020-09-04,26.5,15.9,0.0,Milan
2020-09-05,27.8,16.5,0.0,Milan
2020-09-06,27.4,17.0,3.1,Milan
2020-09-07,22.0,17.5,33.3,Milan
2020-09-08,25.8,17.9,0.3,Milan
2020-09-09,26.6,16.6,0.0,Milan
2020-09-10,27.2,17.0,1.6,Milan
2020-09-11,25.9,19.0,3.5,Milan
2020-09-12,28.0,17.3,0.0,Milan
2020-09-13,29.4,18.8,0.0,Milan
2020-09-14,28.5,20.1,0.0,Milan
2020-09-15,28.0,18.4,0.0,Milan
2020-09-16,28.0,19.5,0.0,Milan
2020-09-17,28.9,18.6,0.0,Milan
2020-09-18,27.9,18.9,0.0,Milan
2020-09-19,23.9,17.9,0.0,Milan
2020-09-20,24.0,17.2,1.6,Milan
2020-09-21,23.4,17.3,5.9,Milan
2020-09-22,20.0,16.9,26.8,Milan
2020-09-23,22.4,16.8,6.9,Milan
2020-09-24,21.2,16.1,19.8,Milan
2020-09-25,17.6,12.2,17.5,Milan
2020-09-26,18.9,10.8,0.0,Milan
2020-09-27,17.1,5.8,0.4,Milan
2020-09-28,20.0,7.8,0.0,Milan
2020-09-29,20.8,10.4,0.0,Milan
2020-09-30,21.8,12.4,0.0,Milan
2020-10-01,20.6,14.4,1.7,Milan
2020-10-02,16.9,15.0,46.2,Milan
2020-10-03,20.3,12.1,19.9,Milan
2020-10-04,19.8,10.3,22.9,Milan
2020-10-05,17.9,11.2,5.7,Milan
2020-10-06,17.6,10.6,0.1,Milan
2020-10-07,22.0,10.9,0.1,Milan
2020-10-08,20.5,9.8,0.0,Milan
2020-10-09,19.0,10.3,0.0,Milan
2020-10-10,20.5,10.6,0.6,Milan
2020-10-11,14.8,8.9,11.6,Milan
2020-10-12,18.5,7.3,0.0,Milan
2020-10-13,16.3,4.7,0.0,Milan
2020-10-14,14.6,6.6,2.2,Milan
2020-10-15,12.0,10.1,14.2,Milan
2020-10-16,15.0,7.0,6.3,Milan
2020-10-17,16.5,6.0,0.0,Milan
2020-10-18,16.1,7.1,0.1,Milan
2020-10-19,15.5,8.1,0.9,Milan
2020-10-20,15.7,7.8,0.2,Milan
2020-10-21,14.8,10.6,0.1,Milan
2020-10-22,14.9,10.6,1.5,Milan
2020-10-23,14.1,12.4,11.1,Milan
2020-10-24,16.9,10.2,0.6,Milan
2020-10-25,17.0,9.4,0.2,Milan
2020-10-26,15.1,12.2,29.8,Milan
2020-10-27,15.7,6.7,1.0,Milan
2020-10-28,17.0,6.6,0.0,Milan
2020-10-29,17.1,7.3,0.0,Milan
2020-10-30,17.8,6.8,0.0,Milan
2020-10-31,15.6,7.7,0.0,Milan
2020-11-01,16.5,8.7,0.0,Milan
2020-11-02,17.0,9.3,0.0,Milan
2020-11-03,16.4,11.9,0.0,Milan
2020-11-04,15.9,12.3,1.8,Milan
2020-11-05,17.5,11.8,0.0,Milan
2020-11-06,16.5,9.4,0.0,Milan
2020-11-07,15.4,7.1,0.0,Milan
2020-11-08,17.0,6.8,0.0,Milan
2020-11-09,17.0,7.0,0.0,Milan
2020-11-10,16.1,6.9,0.0,Milan
2020-11-11,13.1,7.4,0.0,Milan
2020-11-12,14.0,8.0,0.0,Milan
2020-11-13,12.4,6.9,0.0,Milan
2020-11-14,13.4,7.1,0.0,Milan
2020-11-15,12.9,7.5,0.3,Milan
2020-11-16,13.9,6.7,4.2,Milan
2020-11-17,13.6,5.7,0.0,Milan
2020-11-18,12.2,3.7,0.0,Milan
2020-11-19,11.6,2.5,0.0,Milan
2020-11-20,14.4,4.7,2.6,Milan
2020-11-21,10.1,1.5,0.0,Milan
2020-11-22,9.6,0.0,0.0,Milan
2020-11-23,9.2,-1.1,0.0,Milan
2020-11-24,10.4,-0.6,0.0,Milan
2020-11-25,9.6,-0.8,0.0,Milan
2020-11-26,7.7,-1.3,0.0,Milan
2020-11-27,4.6,-0.8,0.0,Milan
2020-11-28,7.6,4.1,0.0,Milan
2020-11-29,9.7,4.0,0.0,Milan
2020-11-30,7.4,2.5,0.0,Milan
2020-12-01,5.7,2.5,0.8,Milan
2020-12-02,4.0,0.9,14.2,Milan
2020-12-03,5.0,-0.6,0.0,Milan
2020-12-04,4.6,1.5,36.4,Milan
2020-12-05,4.4,1.5,17.0,Milan
2020-12-06,4.9,2.0,9.1,Milan
2020-12-07,5.2,2.0,14.8,Milan
2020-12-08,6.0,3.9,25.7,Milan
2020-12-09,6.3,4.6,9.7,Milan
2020-12-10,8.1,1.6,2.8,Milan
2020-12-11,4.6,0.8,1.8,Milan
2020-12-12,7.2,2.2,3.1,Milan
2020-12-13,6.4,-0.6,0.0,Milan
2020-12-14,4.8,-1.4,0.0,Milan
2020-12-15,7.4,-0.9,0.9,Milan
2020-12-16,7.4,3.6,1.4,Milan
2020-12-17,9.1,4.2,0.0,Milan
2020-12-18,8.3,5.2,0.0,Milan
2020-12-19,8.4,4.8,2.0,Milan
2020-12-20,8.3,6.7,7.4,Milan
2020-12-21,9.2,6.7,0.4,Milan
2020-12-22,10.8,6.6,0.0,Milan
2020-12-23,9.8,8.1,3.4,Milan
2020-12-24,9.8,5.8,4.7,Milan
2020-12-25,7.4,3.0,11.8,Milan
2020-12-26,8.8,-1.3,0.0,Milan
2020-12-27,3.9,-3.5,0.6,Milan
2020-12-28,1.1,-4.1,27.2,Milan
2020-12-29,1.2,-4.1,0.0,Milan
2020-12-30,1.1,-3.5,0.0,Milan
2020-12-31,0.6,-3.1,0.0,Milan
2021-01-01,1.7,-0.9,19.7,Milan
2021-01-02,4.0,1.6,12.2,Milan
2021-01-03,6.5,3.0,9.0,Milan
2021-01-04,5.8,2.5,5.9,Milan
2021-01-05,6.2,2.2,7.3,Milan
2021-01-06,3.8,0.4,6.5,Milan
2021-01-07,4.9,-1.2,0.0,Milan
2021-01-08,5.1,-4.2,0.0,Milan
2021-01-09,4.9,-3.5,0.0,Milan
2021-01-10,5.3,-3.0,0.0,Milan
2021-01-11,4.6,-4.4,0.0,Milan
2021-01-12,4.9,-4.1,0.0,Milan
2021-01-13,12.0,-1.8,0.0,Milan
2021-01-14,11.9,-2.2,0.0,Milan
2021-01-15,6.2,-0.7,0.0,Milan
2021-01-16,5.6,-3.2,0.0,Milan
2021-01-17,4.6,-3.6,0.0,Milan
2021-01-18,5.8,-4.3,0.0,Milan
2021-01-19,3.5,-4.0,0.0,Milan
2021-01-20,2.7,-0.2,1.5,Milan
2021-01-21,2.5,0.2,5.6,Milan
2021-01-22,5.7,1.8,29.4,Milan
2021-01-23,10.5,1.6,13.3,Milan
2021-01-24,10.8,-0.8,0.0,Milan
2021-01-25,8.6,-0.2,1.3,Milan
2021-01-26,9.8,-1.5,0.0,Milan
2021-01-27,6.7,-3.8,0.4,Milan
2021-01-28,8.6,-1.5,0.2,Milan
2021-01-29,9.3,0.8,0.3,Milan
2021-01-30,10.6,1.9,3.0,Milan
2021-01-31,10.7,4.0,9.1,Milan
2021-02-01,7.8,1.0,1.0,Milan
2021-02-02,8.6,0.2,0.0,Milan
2021-02-03,6.7,4.5,6.5,Milan
2021-02-04,10.6,5.1,1.4,Milan
2021-02-05,9.6,7.3,2.0,Milan
2021-02-06,9.7,7.1,2.2,Milan
2021-02-07,8.8,5.6,27.1,Milan
2021-02-08,12.4,2.7,1.2,Milan
2021-02-09,10.3,5.5,1.4,Milan
2021-02-10,8.4,3.5,17.6,Milan
2021-02-11,13.6,1.8,0.5,Milan
2021-02-12,5.7,0.0,1.1,Milan
2021-02-13,1.9,-4.1,0.3,Milan
2021-02-14,6.1,-4.2,0.0,Milan
2021-02-15,7.1,-5.3,0.0,Milan
2021-02-16,10.4,-1.7,0.0,Milan
2021-02-17,13.7,3.2,0.6,Milan
2021-02-18,8.1,3.3,0.9,Milan
2021-02-19,12.2,6.8,0.2,Milan
2021-02-20,11.1,7.9,0.3,Milan
2021-02-21,12.4,6.4,0.0,Milan
2021-02-22,13.4,4.2,0.0,Milan
2021-02-23,16.2,3.4,0.0,Milan
2021-02-24,18.1,2.8,0.0,Milan
2021-02-25,18.0,2.5,0.0,Milan
2021-02-26,18.0,2.2,0.0,Milan
2021-02-27,18.0,4.2,0.0,Milan
2021-02-28,12.4,3.8,0.0,Milan
2021-03-01,14.6,0.6,0.0,Milan
2021-03-02,14.9,1.4,0.0,Milan
2021-03-03,14.9,0.2,0.0,Milan
2021-03-04,15.1,1.1,0.0,Milan
2021-03-05,15.7,4.0,0.0,Milan
2021-03-06,9.6,4.7,2.1,Milan
2021-03-07,11.1,1.9,0.0,Milan
2021-03-08,11.9,0.9,0.0,Milan
2021-03-09,12.4,2.9,0.2,Milan
2021-03-10,13.8,2.0,0.0,Milan
2021-03-11,12.2,2.8,0.0,Milan
2021-03-12,15.7,5.2,0.1,Milan
2021-03-13,14.8,5.4,0.0,Milan
2021-03-14,13.9,4.3,0.0,Milan
2021-03-15,15.1,1.4,0.0,Milan
2021-03-16,14.8,6.2,0.0,Milan
2021-03-17,14.8,4.0,0.0,Milan
2021-03-18,10.0,3.2,0.4,Milan
2021-03-19,10.1,2.4,0.1,Milan
2021-03-20,10.9,0.9,0.3,Milan
2021-03-21,9.2,-0.2,0.0,Milan
2021-03-22,15.9,-0.2,0.0,Milan
2021-03-23,13.6,4.0,0.0,Milan
2021-03-24,16.5,1.9,0.0,Milan
2021-03-25,17.4,3.0,0.0,Milan
2021-03-26,17.4,4.8,0.0,Milan
2021-03-27,15.4,10.0,0.2,Milan
2021-03-28,18.0,8.1,0.2,Milan
2021-03-29,20.7,5.7,0.0,Milan
2021-03-30,21.8,7.6,0.0,Milan
2021-03-31,23.0,8.9,0.0,Milan
2021-04-01,24.5,8.6,0.0,Milan
2021-04-02,25.0,10.9,0.0,Milan
2021-04-03,19.0,9.8,0.7,Milan
2021-04-04,15.5,8.9,0.0,Milan
2021-04-05,17.5,5.6,0.0,Milan
2021-04-06,14.4,2.2,4.7,Milan
2021-04-07,11.0,1.8,0.0,Milan
2021-04-08,15.2,0.6,0.0,Milan
2021-04-09,13.8,4.9,0.0,Milan
2021-04-10,15.6,7.1,3.3,Milan
2021-04-11,11.4,9.2,16.8,Milan
2021-04-12,12.1,8.2,13.6,Milan
2021-04-13,15.1,6.3,0.4,Milan
2021-04-14,13.1,2.8,0.3,Milan
2021-04-15,10.2,4.8,2.8,Milan
2021-04-16,13.1,3.8,0.1,Milan
2021-04-17,13.9,2.0,0.1,Milan
2021-04-18,14.4,6.7,0.9,Milan
2021-04-19,15.2,6.2,0.2,Milan
2021-04-20,18.7,5.2,0.1,Milan
2021-04-21,17.4,7.7,0.1,Milan
2021-04-22,18.8,8.4,0.1,Milan
2021-04-23,19.5,8.9,0.5,Milan
2021-04-24,21.4,10.1,0.0,Milan
2021-04-25,23.8,9.8,0.0,Milan
2021-04-26,16.2,10.9,5.2,Milan
2021-04-27,14.4,9.9,3.8,Milan
2021-04-28,17.0,11.0,0.7,Milan
2021-04-29,17.0,11.9,14.8,Milan
2021-04-30,18.5,11.4,11.9,Milan
2021-05-01,18.3,11.5,17.4,Milan
2021-05-02,20.8,11.0,4.5,Milan
2021-05-03,17.7,9.6,0.1,Milan
2021-05-04,19.5,7.8,0.1,Milan
2021-05-05,19.5,8.4,0.8,Milan
2021-05-06,18.5,10.1,2.5,Milan
2021-05-07,23.6,12.4,2.4,Milan
2021-05-08,19.4,9.8,0.1,Milan
2021-05-09,21.5,11.1,0.0,Milan
2021-05-10,21.2,11.9,0.6,Milan
2021-05-11,16.9,11.9,14.8,Milan
2021-05-12,22.1,10.4,2.9,Milan
2021-05-13,21.9,11.3,1.4,Milan
2021-05-14,18.5,8.6,5.1,Milan
2021-05-15,17.1,8.9,0.4,Milan
2021-05-16,18.1,11.3,3.6,Milan
2021-05-17,21.7,12.1,4.7,Milan
2021-05-18,22.8,9.9,1.1,Milan
2021-05-19,21.0,11.1,0.0,Milan
2021-05-20,22.7,8.6,0.0,Milan
2021-05-21,21.5,10.6,4.5,Milan
2021-05-22,19.4,12.8,7.6,Milan
2021-05-23,22.9,13.0,0.7,Milan
2021-05-24,15.7,11.6,16.0,Milan
2021-05-25,22.1,10.1,0.0,Milan
2021-05-26,21.5,9.7,0.0,Milan
2021-05-27,24.1,11.5,0.0,Milan
2021-05-28,24.2,12.9,0.0,Milan
2021-05-29,24.6,14.8,0.8,Milan
2021-05-30,23.1,15.1,0.2,Milan
2021-05-31,22.7,15.9,0.0,Milan
2021-06-01,24.6,14.1,0.0,Milan
2021-06-02,24.5,16.3,0.0,Milan
2021-06-03,27.8,16.7,0.0,Milan
2021-06-04,29.0,16.5,0.0,Milan
2021-06-05,27.4,17.2,10.7,Milan
2021-06-06,27.8,15.5,0.6,Milan
2021-06-07,25.5,17.2,0.5,Milan
2021-06-08,26.2,18.2,1.0,Milan
2021-06-09,27.8,16.3,0.0,Milan
2021-06-10,27.8,16.5,0.6,Milan
2021-06-11,28.6,19.0,4.4,Milan
2021-06-12,31.5,17.4,0.0,Milan
2021-06-13,34.2,19.8,0.0,Milan
2021-06-14,31.0,21.1,0.0,Milan
2021-06-15,29.1,21.5,0.0,Milan
2021-06-16,29.2,20.2,0.0,Milan
2021-06-17,30.6,21.2,1.8,Milan
2021-06-18,32.3,21.7,0.0,Milan
2021-06-19,32.5,21.5,0.0,Milan
2021-06-20,31.2,21.0,0.4,Milan
2021-06-21,31.3,21.2,0.2,Milan
2021-06-22,30.0,21.4,0.4,Milan
2021-06-23,29.6,18.5,1.6,Milan
2021-06-24,30.6,17.1,0.0,Milan
2021-06-25,29.4,16.9,0.0,Milan
2021-06-26,29.5,18.1,0.0,Milan
2021-06-27,31.1,19.4,0.0,Milan
2021-06-28,33.3,21.9,0.0,Milan
2021-06-29,30.1,21.2,0.6,Milan
2021-06-30,29.9,18.6,1.3,Milan
2021-07-01,31.0,19.1,0.0,Milan
2021-07-02,30.4,19.2,0.0,Milan
2021-07-03,29.4,20.5,3.7,Milan
2021-07-04,25.0,18.2,15.3,Milan
2021-07-05,28.6,16.1,0.0,Milan
2021-07-06,29.2,18.8,0.0,Milan
2021-07-07,30.5,19.7,0.2,Milan
2021-07-08,27.2,17.7,12.7,Milan
2021-07-09,28.0,16.4,0.2,Milan
2021-07-10,28.9,15.6,1.6,Milan
2021-07-11,29.0,17.9,1.1,Milan
2021-07-12,29.2,19.1,0.0,Milan
2021-07-13,25.5,17.0,20.6,Milan
2021-07-14,23.7,14.6,3.4,Milan
2021-07-15,24.5,18.0,0.4,Milan
2021-07-16,25.4,16.5,0.2,Milan
2021-07-17,31.2,17.7,0.0,Milan
2021-07-18,31.0,18.7,0.0,Milan
2021-07-19,31.5,20.5,0.0,Milan
2021-07-20,31.8,21.0,0.0,Milan
2021-07-21,31.5,20.6,0.0,Milan
2021-07-22,30.8,21.4,4.2,Milan
2021-07-23,31.2,21.2,0.6,Milan
2021-07-24,31.0,22.2,0.0,Milan
2021-07-25,25.9,19.9,24.6,Milan
2021-07-26,25.5,19.1,41.2,Milan
2021-07-27,25.0,19.1,17.6,Milan
2021-07-28,27.0,19.9,3.2,Milan
2021-07-29,28.8,19.5,0.0,Milan
2021-07-30,28.1,20.1,0.0,Milan
2021-07-31,26.7,19.4,20.5,Milan
2021-08-01,25.2,18.1,19.2,Milan
2021-08-02,26.0,16.8,2.2,Milan
2021-08-03,24.8,17.5,4.2,Milan
2021-08-04,22.2,18.2,30.9,Milan
2021-08-05,27.8,16.5,3.1,Milan
2021-08-06,27.8,16.5,0.0,Milan
2021-08-07,27.0,19.5,0.9,Milan
2021-08-08,26.4,18.1,14.8,Milan
2021-08-09,28.4,17.5,0.0,Milan
2021-08-10,29.2,17.5,0.0,Milan
2021-08-11,31.3,18.5,0.0,Milan
2021-08-12,32.4,22.4,0.0,Milan
2021-08-13,33.3,22.0,0.0,Milan
2021-08-14,34.2,22.9,0.0,Milan
2021-08-15,34.0,23.0,0.0,Milan
2021-08-16,33.0,22.1,0.1,Milan
2021-08-17,31.2,21.4,0.0,Milan
2021-08-18,28.4,20.1,0.1,Milan
2021-08-19,28.9,19.8,0.0,Milan
2021-08-20,30.0,20.1,0.0,Milan
2021-08-21,31.3,20.5,0.0,Milan
2021-08-22,31.2,19.9,0.8,Milan
2021-08-23,28.0,20.0,1.2,Milan
2021-08-24,27.1,18.8,0.9,Milan
2021-08-25,27.0,18.7,0.3,Milan
2021-08-26,29.6,17.0,0.0,Milan
2021-08-27,23.8,17.2,0.1,Milan
2021-08-28,24.9,17.1,1.4,Milan
2021-08-29,26.1,14.1,0.1,Milan
2021-08-30,26.6,15.8,0.0,Milan
2021-08-31,25.6,17.1,15.9,Milan
2021-09-01,26.7,15.4,0.0,Milan
2021-09-02,27.4,17.1,0.0,Milan
2021-09-03,26.9,17.6,0.0,Milan
2021-09-04,27.4,17.0,0.1,Milan
2021-09-05,28.1,17.4,0.1,Milan
2021-09-06,28.1,18.7,0.0,Milan
2021-09-07,28.2,17.8,0.0,Milan
2021-09-08,27.6,19.1,0.0,Milan
2021-09-09,27.5,17.5,0.0,Milan
2021-09-10,26.8,17.9,0.0,Milan
2021-09-11,28.1,18.9,0.1,Milan
2021-09-12,28.6,17.5,0.0,Milan
2021-09-13,30.0,16.2,0.0,Milan
2021-09-14,27.8,17.8,0.0,Milan
2021-09-15,26.8,19.2,0.4,Milan
2021-09-16,24.1,18.1,24.8,Milan
2021-09-17,25.9,16.3,2.4,Milan
2021-09-18,24.6,18.3,12.2,Milan
2021-09-19,21.0,13.9,15.4,Milan
2021-09-20,22.0,12.4,7.8,Milan
2021-09-21,21.5,15.1,2.0,Milan
2021-09-22,22.7,14.1,0.0,Milan
2021-09-23,22.4,13.4,0.0,Milan
2021-09-24,24.0,12.6,0.0,Milan
2021-09-25,23.1,14.6,0.0,Milan
2021-09-26,20.2,15.6,24.5,Milan
2021-09-27,22.5,15.2,0.0,Milan
2021-09-28,24.2,14.7,0.1,Milan
2021-09-29,24.2,15.3,4.1,Milan
2021-09-30,23.0,13.9,0.7,Milan
2021-10-01,21.0,14.6,0.0,Milan
2021-10-02,22.0,14.8,0.0,Milan
2021-10-03,20.4,15.5,5.5,Milan
2021-10-04,20.5,16.5,20.2,Milan
2021-10-05,20.3,14.6,29.4,Milan
2021-10-06,17.8,13.8,11.7,Milan
2021-10-07,21.0,12.4,0.0,Milan
2021-10-08,20.0,11.1,0.0,Milan
2021-10-09,17.2,11.6,0.0,Milan
2021-10-10,16.9,8.4,0.0,Milan
2021-10-11,18.6,6.2,0.0,Milan
2021-10-12,17.8,8.6,0.0,Milan
2021-10-13,19.3,7.5,0.2,Milan
2021-10-14,16.9,7.6,0.0,Milan
2021-10-15,16.8,5.5,0.0,Milan
2021-10-16,18.0,5.8,0.0,Milan
2021-10-17,18.3,6.1,0.0,Milan
2021-10-18,18.5,6.3,0.0,Milan
2021-10-19,18.0,7.7,0.0,Milan
2021-10-20,17.3,8.4,0.6,Milan
2021-10-21,17.1,12.0,1.0,Milan
2021-10-22,18.8,9.7,0.0,Milan
2021-10-23,17.7,9.1,0.3,Milan
2021-10-24,16.2,9.2,0.0,Milan
2021-10-25,13.1,5.9,0.6,Milan
2021-10-26,15.4,3.5,0.0,Milan
2021-10-27,17.6,4.9,0.0,Milan
2021-10-28,16.2,4.2,0.0,Milan
2021-10-29,15.7,5.3,0.0,Milan
2021-10-30,11.9,9.3,3.1,Milan
2021-10-31,12.2,9.9,0.8,Milan
2021-11-01,11.2,7.7,31.7,Milan
2021-11-02,14.4,5.3,0.0,Milan
2021-11-03,11.9,8.8,32.3,Milan
2021-11-04,13.8,3.3,10.5,Milan
2021-11-05,13.1,3.2,0.0,Milan
2021-11-06,13.6,1.9,0.0,Milan
2021-11-07,12.6,3.0,0.0,Milan
2021-11-08,11.0,3.8,13.9,Milan
2021-11-09,12.4,3.7,0.0,Milan
2021-11-10,12.4,7.9,0.2,Milan
2021-11-11,14.3,8.2,0.0,Milan
2021-11-12,14.2,7.3,0.0,Milan
2021-11-13,12.9,7.0,12.3,Milan
2021-11-14,11.7,9.4,15.7,Milan
2021-11-15,11.8,9.6,8.1,Milan
2021-11-16,11.8,6.3,1.7,Milan
2021-11-17,11.6,6.8,1.3,Milan
2021-11-18,12.1,6.7,0.0,Milan
2021-11-19,11.8,5.8,0.0,Milan
2021-11-20,9.2,3.5,0.0,Milan
2021-11-21,8.3,2.9,3.7,Milan
2021-11-22,9.9,6.7,12.6,Milan
2021-11-23,12.4,7.6,0.0,Milan
2021-11-24,10.4,2.5,0.0,Milan
2021-11-25,6.4,3.3,9.7,Milan
2021-11-26,9.1,3.7,0.0,Milan
2021-11-27,10.2,2.7,1.2,Milan
2021-11-28,7.8,2.6,10.4,Milan
2021-11-29,10.3,2.0,0.0,Milan
2021-11-30,9.1,0.2,0.0,Milan
2021-12-01,10.2,2.4,0.0,Milan
2021-12-02,8.6,1.2,0.3,Milan
2021-12-03,10.1,-1.0,0.4,Milan
2021-12-04,5.8,-1.0,0.0,Milan
2021-12-05,6.3,-1.4,0.0,Milan
2021-12-06,6.4,-1.9,0.0,Milan
2021-12-07,7.3,-3.2,0.7,Milan
2021-12-08,1.7,0.4,21.0,Milan
2021-12-09,8.1,-0.9,2.4,Milan
2021-12-10,2.0,-1.9,1.7,Milan
2021-12-11,10.9,-0.3,0.0,Milan
2021-12-12,8.3,-3.0,0.0,Milan
2021-12-13,8.4,-0.6,0.0,Milan
2021-12-14,6.9,-2.0,0.0,Milan
2021-12-15,5.8,-0.6,0.0,Milan
2021-12-16,4.4,-0.3,0.0,Milan
2021-12-17,4.8,-0.4,0.0,Milan
2021-12-18,2.8,0.2,0.0,Milan
2021-12-19,3.6,-0.9,0.0,Milan
2021-12-20,9.4,-0.8,0.0,Milan
2021-12-21,6.2,-0.9,0.0,Milan
2021-12-22,7.0,-0.1,0.0,Milan
2021-12-23,4.0,-0.6,0.0,Milan
2021-12-24,3.9,-1.5,0.0,Milan
2021-12-25,4.3,-1.4,2.3,Milan
2021-12-26,5.9,-0.4,0.0,Milan
2021-12-27,5.1,0.8,2.1,Milan
2021-12-28,7.9,2.7,0.3,Milan
2021-12-29,10.8,2.0,0.0,Milan
2021-12-30,6.4,2.0,0.0,Milan
2021-12-31,6.8,0.9,0.0,Milan
2022-01-01,8.8,1.5,0.0,Milan
2022-01-02,8.3,1.9,0.0,Milan
2022-01-03,8.9,5.7,0.0,Milan
2022-01-04,7.3,5.9,4.2,Milan
2022-01-05,8.4,5.8,4.9,Milan
2022-01-06,8.4,0.2,0.0,Milan
2022-01-07,5.9,-2.0,0.0,Milan
2022-01-08,4.2,-3.9,0.0,Milan
2022-01-09,5.2,-3.2,2.5,Milan
2022-01-10,4.2,-3.0,0.0,Milan
2022-01-11,6.6,-4.1,0.0,Milan
2022-01-12,6.7,-4.2,0.0,Milan
2022-01-13,7.2,-4.2,0.0,Milan
2022-01-14,7.6,-2.9,0.0,Milan
2022-01-15,9.1,-1.2,0.0,Milan
2022-01-16,8.7,-3.2,0.0,Milan
2022-01-17,13.9,0.8,0.0,Milan
2022-01-18,10.6,0.2,0.0,Milan
2022-01-19,7.9,-1.2,0.0,Milan
2022-01-20,7.8,0.1,1.6,Milan
2022-01-21,7.1,-2.1,0.0,Milan
2022-01-22,7.4,-2.5,0.0,Milan
2022-01-23,6.6,-1.9,0.0,Milan
2022-01-24,3.7,-2.8,0.0,Milan
2022-01-25,4.2,-1.2,0.0,Milan
2022-01-26,6.6,-1.5,0.0,Milan
2022-01-27,6.0,-0.5,0.0,Milan
2022-01-28,14.9,-0.3,0.0,Milan
2022-01-29,9.4,-1.4,0.0,Milan
2022-01-30,14.2,1.6,0.0,Milan
2022-01-31,11.0,2.1,0.0,Milan
2022-02-01,13.0,4.5,0.0,Milan
2022-02-02,17.8,5.2,0.0,Milan
2022-02-03,11.8,3.0,0.0,Milan
2022-02-04,9.9,4.6,0.3,Milan
2022-02-05,10.4,1.8,0.0,Milan
2022-02-06,8.7,0.9,0.0,Milan
2022-02-07,12.9,1.5,0.0,Milan
2022-02-08,12.6,-1.6,0.0,Milan
2022-02-09,13.9,2.1,0.0,Milan
2022-02-10,12.6,4.6,0.0,Milan
2022-02-11,13.6,5.2,0.9,Milan
2022-02-12,10.6,1.2,0.0,Milan
2022-02-13,8.9,-0.9,0.0,Milan
2022-02-14,3.8,-0.9,6.1,Milan
2022-02-15,3.8,-3.2,14.3,Milan
2022-02-16,7.8,-1.5,0.0,Milan
2022-02-17,13.8,-0.1,0.0,Milan
2022-02-18,9.6,1.8,0.4,Milan
2022-02-19,12.6,5.7,0.9,Milan
2022-02-20,14.4,5.2,0.7,Milan
2022-02-21,15.4,5.3,0.3,Milan
2022-02-22,17.3,6.6,0.0,Milan
2022-02-23,15.2,1.6,0.0,Milan
2022-02-24,12.4,2.7,0.0,Milan
2022-02-25,16.3,1.5,0.0,Milan
2022-02-26,14.7,2.0,0.0,Milan
2022-02-27,11.1,-0.2,0.0,Milan
2022-02-28,11.8,-2.2,0.0,Milan
2022-03-01,9.8,0.9,0.0,Milan
2022-03-02,11.2,-2.7,0.0,Milan
2022-03-03,13.1,1.7,0.0,Milan
2022-03-04,12.5,2.5,0.0,Milan
2022-03-05,9.8,0.7,0.0,Milan
2022-03-06,9.3,-0.2,0.0,Milan
2022-03-07,10.1,-2.2,0.0,Milan
2022-03-08,8.8,-0.6,0.0,Milan
2022-03-09,11.7,-3.5,0.0,Milan
2022-03-10,13.7,-2.8,0.0,Milan
2022-03-11,11.1,2.7,0.0,Milan
2022-03-12,9.2,2.3,0.0,Milan
2022-03-13,9.6,-0.4,0.0,Milan
2022-03-14,11.4,5.5,0.2,Milan
2022-03-15,14.2,6.4,0.2,Milan
2022-03-16,16.4,8.1,0.0,Milan
2022-03-17,14.8,8.1,0.0,Milan
2022-03-18,14.9,6.8,0.0,Milan
2022-03-19,13.9,4.8,0.0,Milan
2022-03-20,14.2,2.0,0.0,Milan
2022-03-21,13.6,2.0,0.0,Milan
2022-03-22,14.4,0.9,0.0,Milan
2022-03-23,18.2,1.1,0.0,Milan
2022-03-24,20.3,1.1,0.0,Milan
2022-03-25,19.9,5.8,0.0,Milan
2022-03-26,20.5,2.8,0.0,Milan
2022-03-27,21.2,5.1,0.0,Milan
2022-03-28,21.0,4.3,0.0,Milan
2022-03-29,18.4,5.9,0.0,Milan
2022-03-30,12.6,8.9,2.2,Milan
2022-03-31,15.5,9.1,8.7,Milan
2022-04-01,14.4,7.3,16.7,Milan
2022-04-02,9.1,3.5,0.5,Milan
2022-04-03,9.9,1.9,3.3,Milan
2022-04-04,12.6,4.9,1.5,Milan
2022-04-05,17.3,1.6,0.0,Milan
2022-04-06,17.2,4.4,0.0,Milan
2022-04-07,20.6,6.1,0.0,Milan
2022-04-08,21.8,6.9,0.0,Milan
2022-04-09,18.0,6.4,0.0,Milan
2022-04-10,17.2,2.8,0.0,Milan
2022-04-11,17.3,3.5,0.0,Milan
2022-04-12,19.0,5.7,0.0,Milan
2022-04-13,20.5,7.8,0.2,Milan
2022-04-14,23.2,8.1,0.0,Milan
2022-04-15,24.8,8.8,0.0,Milan
2022-04-16,24.8,10.6,0.0,Milan
2022-04-17,17.9,9.1,0.0,Milan
2022-04-18,19.2,7.2,0.0,Milan
2022-04-19,21.2,6.6,0.0,Milan
2022-04-20,16.1,9.2,0.0,Milan
2022-04-21,15.6,10.9,0.0,Milan
2022-04-22,17.8,9.1,0.5,Milan
2022-04-23,17.5,11.1,17.4,Milan
2022-04-24,16.6,8.4,2.6,Milan
2022-04-25,19.6,8.1,4.9,Milan
2022-04-26,18.5,10.8,5.6,Milan
2022-04-27,21.5,9.5,0.0,Milan
2022-04-28,22.2,10.3,0.0,Milan
2022-04-29,22.0,11.6,0.0,Milan
2022-04-30,21.2,12.0,0.0,Milan
2022-05-01,22.0,10.1,0.0,Milan
2022-05-02,22.2,9.9,0.0,Milan
2022-05-03,21.6,12.1,0.5,Milan
2022-05-04,19.6,11.5,6.5,Milan
2022-05-05,20.0,10.6,15.0,Milan
2022-05-06,15.4,12.6,10.7,Milan
2022-05-07,20.5,11.9,2.3,Milan
2022-05-08,21.1,12.2,0.9,Milan
2022-05-09,24.6,11.9,0.0,Milan
2022-05-10,25.1,13.8,0.1,Milan
2022-05-11,27.1,13.7,0.0,Milan
2022-05-12,27.6,14.9,0.0,Milan
2022-05-13,26.9,14.4,0.0,Milan
2022-05-14,27.0,15.9,1.7,Milan
2022-05-15,28.5,16.3,0.9,Milan
2022-05-16,27.9,16.9,4.1,Milan
2022-05-17,31.0,15.6,0.0,Milan
2022-05-18,29.3,16.9,0.1,Milan
2022-05-19,27.7,17.9,0.2,Milan
2022-05-20,30.5,16.3,0.0,Milan
2022-05-21,32.2,17.5,0.0,Milan
2022-05-22,29.7,17.6,0.0,Milan
2022-05-23,28.6,18.5,0.0,Milan
2022-05-24,27.6,18.1,2.0,Milan
2022-05-25,24.9,17.1,10.9,Milan
2022-05-26,27.4,16.6,6.9,Milan
2022-05-27,29.8,19.0,0.0,Milan
2022-05-28,28.9,16.8,0.9,Milan
2022-05-29,19.9,12.9,6.7,Milan
2022-05-30,21.5,13.7,0.0,Milan
2022-05-31,24.0,14.1,0.8,Milan
2022-06-01,26.5,15.8,0.0,Milan
2022-06-02,29.4,16.9,0.0,Milan
2022-06-03,24.6,19.4,5.7,Milan
2022-06-04,29.0,16.6,0.0,Milan
2022-06-05,29.0,19.6,0.3,Milan
2022-06-06,29.8,16.3,0.0,Milan
2022-06-07,27.5,18.3,20.6,Milan
2022-06-08,27.1,16.7,4.2,Milan
2022-06-09,28.4,15.3,0.0,Milan
2022-06-10,29.6,17.5,0.0,Milan
2022-06-11,30.9,16.2,0.0,Milan
2022-06-12,32.0,18.8,0.0,Milan
2022-06-13,33.2,19.6,0.0,Milan
2022-06-14,30.5,21.8,0.0,Milan
2022-06-15,30.7,21.4,0.0,Milan
2022-06-16,34.5,20.5,0.1,Milan
2022-06-17,34.5,21.5,0.0,Milan
2022-06-18,33.1,23.5,0.0,Milan
2022-06-19,34.0,22.0,0.0,Milan
2022-06-20,34.2,22.0,0.0,Milan
2022-06-21,33.3,22.2,0.0,Milan
2022-06-22,27.5,19.5,5.1,Milan
2022-06-23,29.3,19.0,2.0,Milan
2022-06-24,28.8,17.6,3.7,Milan
2022-06-25,28.7,16.7,0.0,Milan
2022-06-26,31.9,19.1,0.0,Milan
2022-06-27,32.6,20.5,0.0,Milan
2022-06-28,28.0,21.0,5.0,Milan
2022-06-29,30.4,18.9,0.1,Milan
2022-06-30,30.8,20.5,0.0,Milan
2022-07-01,28.1,20.9,0.1,Milan
2022-07-02,33.8,20.4,0.0,Milan
2022-07-03,35.4,22.4,0.0,Milan
2022-07-04,33.5,22.9,0.3,Milan
2022-07-05,34.0,20.0,0.2,Milan
2022-07-06,32.2,22.9,0.3,Milan
2022-07-07,33.9,19.6,13.6,Milan
2022-07-08,32.7,20.0,0.0,Milan
2022-07-09,31.5,21.3,0.0,Milan
2022-07-10,33.8,20.6,0.0,Milan
2022-07-11,32.3,22.0,0.0,Milan
2022-07-12,31.8,20.4,7.8,Milan
2022-07-13,32.5,22.5,0.0,Milan
2022-07-14,34.3,22.3,0.0,Milan
2022-07-15,37.7,22.6,0.0,Milan
2022-07-16,35.1,23.7,0.0,Milan
2022-07-17,33.8,25.1,0.1,Milan
2022-07-18,34.0,24.2,0.0,Milan
2022-07-19,34.6,24.1,0.0,Milan
2022-07-20,36.2,24.1,0.0,Milan
2022-07-21,36.9,25.1,0.0,Milan
2022-07-22,37.3,24.4,0.6,Milan
2022-07-23,34.5,24.1,1.9,Milan
2022-07-24,35.1,22.9,10.5,Milan
2022-07-25,36.2,26.5,0.0,Milan
2022-07-26,33.2,21.8,0.0,Milan
2022-07-27,31.1,22.0,3.4,Milan
2022-07-28,32.6,22.0,5.2,Milan
2022-07-29,30.0,19.5,0.9,Milan
2022-07-30,31.9,19.1,0.0,Milan
2022-07-31,33.5,19.4,0.0,Milan
2022-08-01,35.0,20.8,0.0,Milan
2022-08-02,32.3,22.4,0.0,Milan
2022-08-03,34.3,22.5,0.0,Milan
2022-08-04,35.8,23.4,0.0,Milan
2022-08-05,36.8,24.5,0.0,Milan
2022-08-06,35.9,23.0,20.9,Milan
2022-08-07,29.4,22.4,4.2,Milan
2022-08-08,30.5,19.7,0.0,Milan
2022-08-09,31.1,22.4,0.1,Milan
2022-08-10,31.6,22.8,0.0,Milan
2022-08-11,30.7,21.5,0.0,Milan
2022-08-12,29.2,21.7,0.0,Milan
2022-08-13,29.6,17.0,0.0,Milan
2022-08-14,29.7,18.1,0.1,Milan
2022-08-15,30.5,19.1,1.6,Milan
2022-08-16,30.7,19.1,1.5,Milan
2022-08-17,29.1,20.6,3.5,Milan
2022-08-18,25.6,19.4,9.8,Milan
2022-08-19,26.8,17.5,1.0,Milan
2022-08-20,31.2,17.4,0.0,Milan
2022-08-21,30.5,19.4,0.0,Milan
2022-08-22,30.0,20.0,0.4,Milan
2022-08-23,30.5,19.1,0.0,Milan
2022-08-24,29.8,20.0,0.0,Milan
2022-08-25,30.8,19.7,0.0,Milan
2022-08-26,30.8,20.8,5.9,Milan
2022-08-27,29.4,20.0,3.5,Milan
2022-08-28,28.4,19.1,11.9,Milan
2022-08-29,29.8,18.0,5.1,Milan
2022-08-30,26.9,19.5,0.3,Milan
2022-08-31,27.6,18.9,21.9,Milan
2022-09-01,27.1,19.2,10.2,Milan
2022-09-02,26.0,18.3,6.9,Milan
2022-09-03,26.4,18.0,4.5,Milan
2022-09-04,26.9,17.1,0.2,Milan
2022-09-05,27.5,19.6,0.1,Milan
2022-09-06,29.3,19.5,0.1,Milan
2022-09-07,26.1,19.2,20.0,Milan
2022-09-08,26.9,18.3,43.6,Milan
2022-09-09,25.5,17.8,8.5,Milan
2022-09-10,25.8,15.8,0.0,Milan
2022-09-11,26.9,16.4,0.0,Milan
2022-09-12,26.9,16.1,0.0,Milan
2022-09-13,27.4,15.9,0.0,Milan
2022-09-14,26.0,19.0,0.7,Milan
2022-09-15,29.0,18.4,0.0,Milan
2022-09-16,28.6,19.5,0.0,Milan
2022-09-17,21.8,15.7,1.2,Milan
2022-09-18,23.6,14.1,0.0,Milan
2022-09-19,25.9,12.6,0.0,Milan
2022-09-20,23.5,12.4,0.0,Milan
2022-09-21,21.0,14.2,0.1,Milan
2022-09-22,22.3,12.2,0.0,Milan
2022-09-23,21.6,10.4,0.0,Milan
2022-09-24,15.2,13.9,20.5,Milan
2022-09-25,19.5,12.2,0.7,Milan
2022-09-26,21.5,10.1,0.6,Milan
2022-09-27,22.7,13.0,1.9,Milan
2022-09-28,20.6,10.9,0.2,Milan
2022-09-29,18.6,12.5,10.8,Milan
2022-09-30,17.5,12.1,21.9,Milan
2022-10-01,20.0,11.1,0.3,Milan
2022-10-02,23.2,12.4,0.0,Milan
2022-10-03,24.0,12.5,0.0,Milan
2022-10-04,22.1,14.5,0.2,Milan
2022-10-05,23.0,14.2,0.0,Milan
2022-10-06,22.7,13.0,0.0,Milan
2022-10-07,24.2,13.2,0.0,Milan
2022-10-08,23.0,12.1,3.6,Milan
2022-10-09,21.4,16.0,10.7,Milan
2022-10-10,19.6,12.8,3.4,Milan
2022-10-11,21.5,10.9,0.0,Milan
2022-10-12,21.8,12.3,0.0,Milan
2022-10-13,21.0,11.8,0.0,Milan
2022-10-14,20.2,11.9,0.0,Milan
2022-10-15,21.8,13.6,0.0,Milan
2022-10-16,22.5,14.5,0.0,Milan
2022-10-17,22.9,12.8,0.0,Milan
2022-10-18,23.5,12.7,0.0,Milan
2022-10-19,23.0,11.6,0.0,Milan
2022-10-20,21.9,13.6,0.0,Milan
2022-10-21,19.2,15.1,2.7,Milan
2022-10-22,22.4,15.8,40.9,Milan
2022-10-23,19.9,15.4,16.2,Milan
2022-10-24,19.2,15.9,12.5,Milan
2022-10-25,21.5,14.4,6.6,Milan
2022-10-26,22.6,14.6,1.7,Milan
2022-10-27,22.0,12.6,0.0,Milan
2022-10-28,21.3,11.4,0.0,Milan
2022-10-29,21.4,10.9,0.0,Milan
2022-10-30,21.5,11.3,0.0,Milan
2022-10-31,20.8,10.6,0.0,Milan
2022-11-01,17.5,11.8,3.6,Milan
2022-11-02,16.4,11.8,0.1,Milan
2022-11-03,15.9,12.1,17.1,Milan
2022-11-04,16.9,9.6,17.6,Milan
2022-11-05,19.5,7.2,0.0,Milan
2022-11-06,15.1,5.1,0.0,Milan
2022-11-07,15.4,3.7,0.0,Milan
2022-11-08,15.4,6.5,0.0,Milan
2022-11-09,12.8,11.0,10.4,Milan
2022-11-10,15.9,9.3,7.0,Milan
2022-11-11,16.9,8.1,0.0,Milan
2022-11-12,14.1,7.2,0.0,Milan
2022-11-13,14.9,7.6,0.7,Milan
2022-11-14,12.1,6.2,3.2,Milan
2022-11-15,9.0,5.3,3.7,Milan
2022-11-16,12.9,6.2,3.8,Milan
2022-11-17,12.8,5.1,0.2,Milan
2022-11-18,15.9,8.6,1.4,Milan
2022-11-19,14.2,5.2,0.0,Milan
2022-11-20,12.9,3.0,0.0,Milan
2022-11-21,12.2,0.2,2.1,Milan
2022-11-22,11.2,7.1,27.8,Milan
2022-11-23,12.4,1.8,0.0,Milan
2022-11-24,14.6,2.5,0.0,Milan
2022-11-25,11.8,4.0,0.0,Milan
2022-11-26,11.8,2.6,0.0,Milan
2022-11-27,11.0,1.3,0.0,Milan
2022-11-28,8.2,2.5,0.0,Milan
2022-11-29,8.1,3.0,1.0,Milan
2022-11-30,6.4,1.2,0.0,Milan
2022-12-01,7.1,-0.2,0.0,Milan
2022-12-02,7.2,1.5,2.0,Milan
2022-12-03,7.4,5.2,17.0,Milan
2022-12-04,9.3,6.6,17.5,Milan
2022-12-05,9.6,5.4,8.2,Milan
2022-12-06,7.6,0.3,0.0,Milan
2022-12-07,5.5,0.2,0.0,Milan
2022-12-08,6.7,0.6,0.0,Milan
2022-12-09,4.7,0.6,15.7,Milan
2022-12-10,5.6,0.3,0.0,Milan
2022-12-11,8.8,-0.3,0.0,Milan
2022-12-12,4.1,-1.5,0.0,Milan
2022-12-13,2.6,0.4,2.3,Milan
2022-12-14,4.6,-2.2,0.0,Milan
2022-12-15,2.6,-2.5,21.4,Milan
2022-12-16,5.4,1.1,0.0,Milan
2022-12-17,5.9,1.7,0.0,Milan
2022-12-18,7.6,-0.2,0.0,Milan
2022-12-19,5.7,-0.3,0.0,Milan
2022-12-20,5.9,3.5,0.1,Milan
2022-12-21,7.4,3.8,1.3,Milan
2022-12-22,8.9,3.8,0.0,Milan
2022-12-23,10.9,3.3,0.0,Milan
2022-12-24,10.1,5.0,0.0,Milan
2022-12-25,9.6,7.4,0.0,Milan
2022-12-26,9.4,8.1,2.1,Milan
2022-12-27,11.7,4.8,0.6,Milan
2022-12-28,11.0,4.8,1.7,Milan
2022-12-29,8.9,6.9,0.4,Milan
2022-12-30,9.1,6.8,0.7,Milan
2022-12-31,8.6,2.5,2.1,Milan
2023-01-01,8.6,7.2,4.1,Milan
2023-01-02,9.4,7.4,3.7,Milan
2023-01-03,10.0,7.7,13.3,Milan
2023-01-04,11.3,5.3,0.0,Milan
2023-01-05,12.6,5.4,0.0,Milan
2023-01-06,8.2,4.8,0.0,Milan
2023-01-07,8.1,5.7,0.7,Milan
2023-01-08,7.3,6.6,33.0,Milan
2023-01-09,10.8,5.6,0.1,Milan
2023-01-10,13.6,1.6,0.0,Milan
2023-01-11,8.6,0.7,0.3,Milan
2023-01-12,9.1,-0.9,0.0,Milan
2023-01-13,8.9,1.3,0.0,Milan
2023-01-14,9.9,-1.0,0.0,Milan
2023-01-15,7.3,4.0,1.6,Milan
2023-01-16,5.9,3.2,2.3,Milan
2023-01-17,3.9,2.0,6.2,Milan
2023-01-18,5.3,-0.6,0.0,Milan
2023-01-19,3.9,-1.3,2.2,Milan
2023-01-20,5.6,-2.0,0.0,Milan
2023-01-21,8.6,0.1,0.0,Milan
2023-01-22,7.1,-2.7,0.0,Milan
2023-01-23,4.8,-1.5,0.8,Milan
2023-01-24,10.6,1.6,0.1,Milan
2023-01-25,9.1,0.9,0.0,Milan
2023-01-26,7.5,0.8,0.0,Milan
2023-01-27,5.2,-1.8,0.0,Milan
2023-01-28,7.9,-3.2,0.0,Milan
2023-01-29,8.2,-3.2,0.0,Milan
2023-01-30,9.2,-3.6,0.0,Milan
2023-01-31,9.0,-2.8,0.0,Milan
2023-02-01,12.9,2.5,0.0,Milan
2023-02-02,13.9,2.8,0.0,Milan
2023-02-03,14.0,2.1,0.0,Milan
2023-02-04,20.5,5.2,0.0,Milan
2023-02-05,9.2,1.9,0.0,Milan
2023-02-06,6.8,3.0,0.0,Milan
2023-02-07,6.3,-2.1,0.0,Milan
2023-02-08,5.6,-4.2,0.0,Milan
2023-02-09,5.2,-3.2,0.0,Milan
2023-02-10,6.9,-4.6,0.0,Milan
2023-02-11,9.1,-3.7,0.0,Milan
2023-02-12,12.8,-1.5,0.0,Milan
2023-02-13,12.4,-0.4,0.0,Milan
2023-02-14,13.6,-0.8,0.0,Milan
2023-02-15,14.9,-1.4,0.0,Milan
2023-02-16,14.1,0.6,0.0,Milan
2023-02-17,13.9,2.5,0.0,Milan
2023-02-18,15.1,4.4,0.0,Milan
2023-02-19,15.4,6.2,0.0,Milan
2023-02-20,13.1,4.4,0.0,Milan
2023-02-21,13.9,4.2,0.1,Milan
2023-02-22,13.9,6.7,0.3,Milan
2023-02-23,14.2,6.4,0.3,Milan
2023-02-24,13.9,7.9,3.7,Milan
2023-02-25,15.4,6.6,1.3,Milan
2023-02-26,9.6,2.3,4.5,Milan
2023-02-27,6.6,2.5,1.5,Milan
2023-02-28,7.4,1.2,0.0,Milan
2023-03-01,8.8,-0.8,5.2,Milan
2023-03-02,11.0,3.8,0.6,Milan
2023-03-03,14.1,2.7,0.0,Milan
2023-03-04,15.1,3.3,0.0,Milan
2023-03-05,15.4,2.9,0.0,Milan
2023-03-06,13.6,4.8,0.9,Milan
2023-03-07,14.1,5.3,0.7,Milan
2023-03-08,14.9,3.0,0.1,Milan
2023-03-09,17.5,7.8,1.0,Milan
2023-03-10,17.2,6.9,0.1,Milan
2023-03-11,20.2,9.7,0.0,Milan
2023-03-12,16.3,7.2,0.0,Milan
2023-03-13,15.2,6.7,1.2,Milan
2023-03-14,16.0,9.4,13.1,Milan
2023-03-15,14.8,5.6,0.0,Milan
2023-03-16,14.5,4.2,0.0,Milan
2023-03-17,13.8,3.5,0.0,Milan
2023-03-18,15.6,3.3,0.0,Milan
2023-03-19,16.4,4.7,0.0,Milan
2023-03-20,17.1,5.2,0.0,Milan
2023-03-21,18.5,5.6,0.0,Milan
2023-03-22,20.1,7.4,0.0,Milan
2023-03-23,19.5,9.1,0.0,Milan
2023-03-24,17.8,9.6,0.5,Milan
2023-03-25,21.2,9.0,0.4,Milan
2023-03-26,16.5,5.6,3.3,Milan
2023-03-27,17.0,6.6,0.0,Milan
2023-03-28,15.8,3.2,0.0,Milan
2023-03-29,18.0,5.5,0.0,Milan
2023-03-30,16.3,10.1,0.5,Milan
2023-03-31,14.4,7.8,2.5,Milan
2023-04-01,19.9,6.9,0.0,Milan
2023-04-02,18.2,6.9,0.4,Milan
2023-04-03,18.2,6.2,0.7,Milan
2023-04-04,13.3,6.3,0.0,Milan
2023-04-05,13.4,2.9,0.0,Milan
2023-04-06,15.6,2.0,0.0,Milan
2023-04-07,16.0,3.5,0.6,Milan
2023-04-08,18.3,4.4,0.1,Milan
2023-04-09,18.0,6.0,0.1,Milan
2023-04-10,17.8,7.7,0.0,Milan
2023-04-11,19.9,8.4,0.0,Milan
2023-04-12,17.5,9.2,6.0,Milan
2023-04-13,13.0,7.7,16.2,Milan
2023-04-14,19.9,6.2,0.0,Milan
2023-04-15,18.0,4.2,0.1,Milan
2023-04-16,19.5,7.2,0.1,Milan
2023-04-17,19.4,7.6,0.0,Milan
2023-04-18,21.6,7.8,0.1,Milan
2023-04-19,22.5,9.6,0.0,Milan
2023-04-20,13.3,10.7,37.0,Milan
2023-04-21,16.6,10.3,11.1,Milan
2023-04-22,20.0,6.8,0.0,Milan
2023-04-23,21.4,10.5,0.2,Milan
2023-04-24,21.5,11.2,19.9,Milan
2023-04-25,19.2,9.9,0.5,Milan
2023-04-26,20.5,6.2,0.0,Milan
2023-04-27,21.2,8.1,0.0,Milan
2023-04-28,22.4,10.1,0.0,Milan
2023-04-29,21.5,12.1,0.0,Milan
2023-04-30,21.8,13.7,5.8,Milan
2023-05-01,18.0,12.4,3.7,Milan
2023-05-02,20.8,12.0,9.0,Milan
2023-05-03,21.6,11.8,0.4,Milan
2023-05-04,23.0,12.9,0.0,Milan
2023-05-05,24.6,12.4,0.0,Milan
2023-05-06,26.0,13.7,0.0,Milan
2023-05-07,24.8,16.0,23.3,Milan
2023-05-08,23.0,15.3,15.4,Milan
2023-05-09,22.1,14.1,14.4,Milan
2023-05-10,16.8,12.5,38.2,Milan
2023-05-11,18.8,10.3,3.3,Milan
2023-05-12,17.9,10.9,21.1,Milan
2023-05-13,17.8,9.9,2.8,Milan
2023-05-14,19.2,11.3,6.0,Milan
2023-05-15,21.7,9.3,0.3,Milan
2023-05-16,17.9,11.9,1.6,Milan
2023-05-17,16.5,12.6,3.3,Milan
2023-05-18,19.2,11.9,0.6,Milan
2023-05-19,15.4,13.4,13.6,Milan
2023-05-20,16.4,13.1,6.9,Milan
2023-05-21,24.5,13.8,2.2,Milan
2023-05-22,25.6,13.9,0.2,Milan
2023-05-23,27.2,13.7,0.3,Milan
2023-05-24,23.9,14.6,11.0,Milan
2023-05-25,22.0,14.1,9.3,Milan
2023-05-26,27.0,13.1,0.0,Milan
2023-05-27,25.6,17.0,1.2,Milan
2023-05-28,24.3,16.5,11.7,Milan
2023-05-29,24.8,15.2,0.0,Milan
2023-05-30,25.5,15.6,0.6,Milan
2023-05-31,24.5,16.4,4.8,Milan
2023-06-01,25.3,15.6,1.1,Milan
2023-06-02,25.6,16.1,0.1,Milan
2023-06-03,24.9,16.6,5.6,Milan
2023-06-04,23.4,16.5,8.3,Milan
2023-06-05,22.1,15.5,0.8,Milan
2023-06-06,24.9,14.8,0.5,Milan
2023-06-07,25.0,16.1,10.5,Milan
2023-06-08,25.2,15.1,0.1,Milan
2023-06-09,26.2,16.5,0.5,Milan
2023-06-10,25.7,18.5,0.6,Milan
2023-06-11,27.0,17.3,1.6,Milan
2023-06-12,27.3,16.5,0.5,Milan
2023-06-13,24.1,17.4,11.0,Milan
2023-06-14,24.5,16.8,11.9,Milan
2023-06-15,26.5,17.0,2.3,Milan
2023-06-16,28.0,16.5,1.2,Milan
2023-06-17,29.5,17.2,0.0,Milan
2023-06-18,29.8,17.8,0.0,Milan
2023-06-19,28.8,18.4,0.3,Milan
2023-06-20,29.8,19.6,0.0,Milan
2023-06-21,31.0,19.5,0.0,Milan
2023-06-22,33.2,21.0,0.0,Milan
2023-06-23,34.0,21.1,0.0,Milan
2023-06-24,33.8,21.4,0.0,Milan
2023-06-25,33.5,21.3,0.0,Milan
2023-06-26,35.5,21.1,0.0,Milan
2023-06-27,33.0,22.5,0.6,Milan
2023-06-28,30.4,20.8,0.0,Milan
2023-06-29,28.5,21.0,0.0,Milan
2023-06-30,23.1,18.5,23.5,Milan
2023-07-01,27.0,17.5,0.5,Milan
2023-07-02,29.4,19.5,0.0,Milan
2023-07-03,28.5,19.6,4.6,Milan
2023-07-04,26.8,18.4,17.1,Milan
2023-07-05,27.7,18.1,1.9,Milan
2023-07-06,26.1,18.1,12.6,Milan
2023-07-07,29.0,17.1,0.0,Milan
2023-07-08,30.2,20.0,1.4,Milan
2023-07-09,32.4,20.0,0.0,Milan
2023-07-10,34.2,22.8,0.0,Milan
2023-07-11,34.7,22.8,0.7,Milan
2023-07-12,31.4,20.2,34.5,Milan
2023-07-13,27.8,19.2,6.2,Milan
2023-07-14,27.7,20.8,4.9,Milan
2023-07-15,30.5,20.2,0.1,Milan
2023-07-16,31.7,20.4,0.0,Milan
2023-07-17,32.5,21.6,0.0,Milan
2023-07-18,34.0,22.6,0.0,Milan
2023-07-19,31.1,22.7,6.0,Milan
2023-07-20,31.4,21.8,1.2,Milan
2023-07-21,24.9,20.8,11.7,Milan
2023-07-22,27.8,18.9,1.7,Milan
2023-07-23,29.2,19.4,0.3,Milan
2023-07-24,26.8,19.8,37.4,Milan
2023-07-25,27.3,18.3,8.0,Milan
2023-07-26,27.8,19.5,0.0,Milan
2023-07-27,26.1,17.2,0.2,Milan
2023-07-28,27.5,16.4,0.0,Milan
2023-07-29,28.7,19.9,0.0,Milan
2023-07-30,29.5,19.2,0.1,Milan
2023-07-31,29.3,21.6,1.6,Milan
2023-08-01,28.2,20.9,3.8,Milan
2023-08-02,29.1,20.1,0.3,Milan
2023-08-03,29.0,19.7,5.6,Milan
2023-08-04,26.6,17.6,15.5,Milan
2023-08-05,28.4,16.1,0.8,Milan
2023-08-06,28.1,16.1,0.0,Milan
2023-08-07,26.4,16.8,0.0,Milan
2023-08-08,27.1,15.4,0.0,Milan
2023-08-09,28.8,15.4,0.0,Milan
2023-08-10,29.6,17.6,0.0,Milan
2023-08-11,30.0,20.0,0.0,Milan
2023-08-12,31.4,20.3,0.0,Milan
2023-08-13,32.8,22.0,0.0,Milan
2023-08-14,32.8,22.1,1.4,Milan
2023-08-15,32.5,21.6,0.0,Milan
2023-08-16,32.4,22.3,5.4,Milan
2023-08-17,30.1,21.7,2.3,Milan
2023-08-18,33.5,21.0,0.0,Milan
2023-08-19,34.5,22.8,0.0,Milan
2023-08-20,35.3,24.4,0.0,Milan
2023-08-21,35.4,24.1,0.0,Milan
2023-08-22,36.3,24.5,0.0,Milan
2023-08-23,36.7,25.2,0.0,Milan
2023-08-24,36.9,25.2,0.0,Milan
2023-08-25,34.7,24.2,0.0,Milan
2023-08-26,30.1,21.1,3.0,Milan
2023-08-27,24.2,20.4,38.3,Milan
2023-08-28,20.8,15.6,73.4,Milan
2023-08-29,24.4,14.8,8.4,Milan
2023-08-30,24.5,14.2,0.6,Milan
2023-08-31,24.6,15.5,0.2,Milan
2023-09-01,26.6,16.3,0.0,Milan
2023-09-02,27.4,16.8,0.0,Milan
2023-09-03,28.8,17.2,0.0,Milan
2023-09-04,28.7,20.1,0.0,Milan
2023-09-05,25.5,18.0,0.0,Milan
2023-09-06,26.5,15.4,0.0,Milan
2023-09-07,27.9,16.8,0.0,Milan
2023-09-08,28.2,17.1,0.0,Milan
2023-09-09,29.0,17.1,0.0,Milan
2023-09-10,29.6,18.5,0.0,Milan
2023-09-11,29.7,18.2,0.0,Milan
2023-09-12,29.6,18.1,0.0,Milan
2023-09-13,24.9,18.9,13.4,Milan
2023-09-14,26.1,16.5,10.9,Milan
2023-09-15,24.4,18.2,10.1,Milan
2023-09-16,25.5,17.9,9.4,Milan
2023-09-17,25.2,16.9,7.7,Milan
2023-09-18,23.0,18.5,34.8,Milan
2023-09-19,26.4,16.1,0.1,Milan
2023-09-20,24.2,17.1,7.5,Milan
2023-09-21,22.6,17.4,7.2,Milan
2023-09-22,21.1,14.9,29.0,Milan
2023-09-23,22.0,14.3,6.9,Milan
2023-09-24,23.1,11.6,0.0,Milan
2023-09-25,23.5,11.7,0.0,Milan
2023-09-26,24.4,12.4,0.0,Milan
2023-09-27,26.0,14.2,0.0,Milan
2023-09-28,25.8,15.4,0.0,Milan
2023-09-29,25.6,14.7,0.0,Milan
2023-09-30,26.1,15.2,0.0,Milan
2023-10-01,25.8,14.9,0.0,Milan
2023-10-02,25.8,15.2,0.0,Milan
2023-10-03,25.9,15.3,0.0,Milan
2023-10-04,24.1,15.4,0.9,Milan
2023-10-05,24.4,15.7,0.0,Milan
2023-10-06,24.6,15.0,0.0,Milan
2023-10-07,24.8,13.7,0.0,Milan
2023-10-08,27.5,13.8,0.0,Milan
2023-10-09,27.9,14.3,0.0,Milan
2023-10-10,27.0,15.2,0.0,Milan
2023-10-11,24.6,15.4,0.0,Milan
2023-10-12,24.8,15.0,0.0,Milan
2023-10-13,24.3,15.3,0.0,Milan
2023-10-14,24.0,15.6,0.0,Milan
2023-10-15,24.5,13.3,0.0,Milan
2023-10-16,18.3,11.3,0.0,Milan
2023-10-17,17.6,8.3,0.0,Milan
2023-10-18,13.3,11.1,0.3,Milan
2023-10-19,13.1,11.4,4.0,Milan
2023-10-20,19.2,12.4,30.1,Milan
2023-10-21,20.3,13.1,18.2,Milan
2023-10-22,18.9,12.0,1.6,Milan
2023-10-23,18.5,12.3,2.0,Milan
2023-10-24,15.1,12.1,33.0,Milan
2023-10-25,17.5,10.4,0.1,Milan
2023-10-26,16.8,11.9,4.7,Milan
2023-10-27,20.2,12.1,12.2,Milan
2023-10-28,18.5,9.3,0.0,Milan
2023-10-29,17.0,11.3,3.6,Milan
2023-10-30,16.4,13.3,63.2,Milan
2023-10-31,18.3,10.0,28.7,Milan
2023-11-01,13.9,6.9,4.0,Milan
2023-11-02,12.9,10.5,24.9,Milan
2023-11-03,15.4,5.2,28.8,Milan
2023-11-04,12.3,4.0,14.7,Milan
2023-11-05,15.7,6.3,5.6,Milan
2023-11-06,15.7,4.2,3.7,Milan
2023-11-07,13.8,7.2,4.2,Milan
2023-11-08,13.4,5.3,0.0,Milan
2023-11-09,10.8,4.8,9.0,Milan
2023-11-10,12.3,4.2,0.0,Milan
2023-11-11,14.7,2.4,0.0,Milan
2023-11-12,12.4,3.0,0.0,Milan
2023-11-13,13.9,3.2,0.0,Milan
2023-11-14,14.9,6.6,0.2,Milan
2023-11-15,19.1,9.2,0.0,Milan
2023-11-16,12.9,3.8,0.0,Milan
2023-11-17,16.2,5.1,0.0,Milan
2023-11-18,14.7,5.3,0.0,Milan
2023-11-19,13.8,3.2,0.0,Milan
2023-11-20,11.7,2.3,0.0,Milan
2023-11-21,13.3,5.3,0.2,Milan
2023-11-22,14.8,2.8,0.0,Milan
2023-11-23,12.0,2.5,0.0,Milan
2023-11-24,14.1,2.2,0.0,Milan
2023-11-25,10.6,3.0,0.0,Milan
2023-11-26,11.9,0.9,0.0,Milan
2023-11-27,6.2,1.5,0.1,Milan
2023-11-28,9.3,1.4,0.8,Milan
2023-11-29,9.6,-0.2,0.0,Milan
2023-11-30,5.1,2.3,7.2,Milan
2023-12-01,6.6,3.0,21.2,Milan
2023-12-02,10.6,5.3,14.7,Milan
2023-12-03,8.9,0.4,0.0,Milan
2023-12-04,3.2,-0.9,2.1,Milan
2023-12-05,4.4,-0.7,0.0,Milan
2023-12-06,6.8,-2.0,0.0,Milan
2023-12-07,8.5,-3.8,0.0,Milan
2023-12-08,4.3,-1.1,2.9,Milan
2023-12-09,4.9,1.8,0.5,Milan
2023-12-10,9.5,1.1,2.1,Milan
2023-12-11,7.1,2.7,0.0,Milan
2023-12-12,6.8,2.4,1.0,Milan
2023-12-13,9.2,5.8,4.4,Milan
2023-12-14,10.2,3.6,0.0,Milan
2023-12-15,13.4,0.6,0.0,Milan
2023-12-16,7.3,-0.4,0.0,Milan
2023-12-17,7.3,-1.3,0.0,Milan
2023-12-18,8.8,-1.5,0.0,Milan
2023-12-19,10.6,-0.4,0.0,Milan
2023-12-20,9.6,0.6,0.0,Milan
2023-12-21,8.4,0.6,0.0,Milan
2023-12-22,16.0,3.2,0.0,Milan
2023-12-23,17.1,5.2,0.0,Milan
2023-12-24,14.5,5.3,0.0,Milan
2023-12-25,12.6,4.8,0.0,Milan
2023-12-26,12.4,4.4,0.0,Milan
2023-12-27,11.1,4.8,0.0,Milan
2023-12-28,9.7,5.9,0.5,Milan
2023-12-29,10.2,6.2,0.0,Milan
2023-12-30,10.2,2.0,0.1,Milan
2023-12-31,7.9,6.6,9.5,Milan
2024-01-01,8.9,0.6,0.0,Milan
2024-01-02,5.8,1.0,0.0,Milan
2024-01-03,9.8,1.2,0.0,Milan
2024-01-04,11.4,0.6,0.0,Milan
2024-01-05,6.6,2.2,25.2,Milan
2024-01-06,7.2,4.9,7.0,Milan
2024-01-07,8.6,5.1,2.1,Milan
2024-01-08,8.9,5.1,0.1,Milan
2024-01-09,6.8,4.8,0.0,Milan
2024-01-10,4.8,0.8,0.0,Milan
2024-01-11,7.2,-1.7,0.0,Milan
2024-01-12,5.9,-2.0,0.0,Milan
2024-01-13,5.8,-1.1,0.0,Milan
2024-01-14,6.6,-1.6,0.0,Milan
2024-01-15,7.8,-0.1,0.0,Milan
2024-01-16,7.1,-0.6,0.0,Milan
2024-01-17,3.0,0.1,6.5,Milan
2024-01-18,7.7,0.8,4.1,Milan
2024-01-19,10.4,0.4,4.2,Milan
2024-01-20,7.6,-4.6,0.0,Milan
2024-01-21,5.2,-4.8,0.0,Milan
2024-01-22,7.7,-4.5,0.0,Milan
2024-01-23,9.0,-2.2,0.0,Milan
2024-01-24,10.4,-1.5,0.0,Milan
2024-01-25,12.9,-0.1,0.0,Milan
2024-01-26,8.2,-1.3,0.0,Milan
2024-01-27,15.9,-0.8,0.0,Milan
2024-01-28,6.5,-2.6,0.0,Milan
2024-01-29,6.0,-2.0,0.0,Milan
2024-01-30,7.4,-1.9,0.0,Milan
2024-01-31,9.6,-1.2,0.0,Milan
2024-02-01,9.7,-0.3,0.0,Milan
2024-02-02,11.8,-1.8,0.0,Milan
2024-02-03,15.1,0.2,0.0,Milan
2024-02-04,14.8,3.4,0.0,Milan
2024-02-05,15.6,6.3,0.0,Milan
2024-02-06,12.4,6.8,0.2,Milan
2024-02-07,13.9,5.8,0.1,Milan
2024-02-08,13.9,4.8,1.0,Milan
2024-02-09,10.0,8.3,25.8,Milan
2024-02-10,10.1,9.0,28.1,Milan
2024-02-11,12.4,5.5,16.2,Milan
2024-02-12,11.2,3.7,0.0,Milan
2024-02-13,14.9,2.8,0.0,Milan
2024-02-14,14.1,1.1,0.0,Milan
2024-02-15,12.9,1.0,0.0,Milan
2024-02-16,13.6,2.9,0.0,Milan
2024-02-17,15.6,3.5,0.0,Milan
2024-02-18,15.1,2.8,0.0,Milan
2024-02-19,17.0,3.8,0.0,Milan
2024-02-20,16.0,6.6,0.0,Milan
2024-02-21,14.5,3.5,0.0,Milan
2024-02-22,11.1,6.4,13.9,Milan
2024-02-23,10.7,3.3,25.9,Milan
2024-02-24,11.6,2.4,17.0,Milan
2024-02-25,10.2,1.1,32.2,Milan
2024-02-26,7.8,5.7,15.4,Milan
2024-02-27,8.6,5.9,41.1,Milan
2024-02-28,16.1,7.9,5.6,Milan
2024-02-29,14.6,5.8,1.2,Milan
2024-03-01,10.9,8.9,22.2,Milan
2024-03-02,11.9,8.4,17.0,Milan
2024-03-03,12.8,8.2,7.8,Milan
2024-03-04,14.1,6.9,11.0,Milan
2024-03-05,14.4,4.8,7.0,Milan
2024-03-06,13.4,5.1,5.8,Milan
2024-03-07,14.2,3.3,0.0,Milan
2024-03-08,11.1,6.2,5.6,Milan
2024-03-09,9.9,6.9,7.4,Milan
2024-03-10,9.4,5.3,36.6,Milan
2024-03-11,14.3,5.5,2.0,Milan
2024-03-12,19.1,4.2,0.2,Milan
2024-03-13,16.9,5.4,0.0,Milan
2024-03-14,16.9,4.8,0.0,Milan
2024-03-15,16.6,7.4,0.1,Milan
2024-03-16,19.0,7.3,0.1,Milan
2024-03-17,18.2,7.3,0.2,Milan
2024-03-18,17.1,8.4,1.5,Milan
2024-03-19,17.0,7.9,0.0,Milan
2024-03-20,16.8,6.8,0.0,Milan
2024-03-21,20.2,7.2,0.0,Milan
2024-03-22,19.3,8.9,0.0,Milan
2024-03-23,18.0,8.1,1.9,Milan
2024-03-24,16.4,5.1,0.1,Milan
2024-03-25,15.4,3.5,0.0,Milan
2024-03-26,9.8,7.4,3.8,Milan
2024-03-27,10.4,6.6,22.5,Milan
2024-03-28,10.6,4.6,6.9,Milan
2024-03-29,15.1,7.8,4.5,Milan
2024-03-30,17.9,9.1,11.1,Milan
2024-03-31,15.8,10.1,34.9,Milan
2024-04-01,17.2,7.2,13.5,Milan
2024-04-02,18.6,5.4,0.1,Milan
2024-04-03,14.6,7.6,3.6,Milan
2024-04-04,18.4,6.8,0.0,Milan
2024-04-05,19.0,8.1,0.2,Milan
2024-04-06,21.4,8.5,0.0,Milan
2024-04-07,23.0,8.9,0.0,Milan
2024-04-08,23.6,11.4,0.0,Milan
2024-04-09,16.4,12.1,6.2,Milan
2024-04-10,16.2,9.0,11.4,Milan
2024-04-11,21.2,7.7,0.0,Milan
2024-04-12,24.5,10.2,0.0,Milan
2024-04-13,25.5,12.1,0.0,Milan
2024-04-14,26.8,12.2,0.0,Milan
2024-04-15,22.4,13.6,0.0,Milan
2024-04-16,19.1,8.6,0.0,Milan
2024-04-17,17.6,6.3,0.2,Milan
2024-04-18,12.8,5.8,0.4,Milan
2024-04-19,17.2,3.5,0.0,Milan
2024-04-20,17.9,7.3,0.4,Milan
2024-04-21,15.6,4.7,0.9,Milan
2024-04-22,7.2,5.0,23.9,Milan
2024-04-23,12.4,5.2,8.7,Milan
2024-04-24,15.7,3.3,0.2,Milan
2024-04-25,14.4,5.1,0.2,Milan
2024-04-26,15.0,5.9,3.4,Milan
2024-04-27,16.5,7.7,0.9,Milan
2024-04-28,16.0,10.1,2.5,Milan
2024-04-29,21.5,7.9,0.0,Milan
2024-04-30,23.4,10.1,0.0,Milan
2024-05-01,17.2,13.5,12.9,Milan
2024-05-02,16.0,10.3,50.9,Milan
2024-05-03,20.0,9.6,5.3,Milan
2024-05-04,19.5,10.4,0.5,Milan
2024-05-05,21.4,10.2,0.0,Milan
2024-05-06,19.5,11.9,1.2,Milan
2024-05-07,16.8,12.6,21.0,Milan
2024-05-08,20.9,10.8,14.9,Milan
2024-05-09,22.0,12.1,4.2,Milan
2024-05-10,23.4,12.5,0.0,Milan
2024-05-11,24.5,13.1,0.0,Milan
2024-05-12,25.5,13.8,0.1,Milan
2024-05-13,21.5,14.9,10.1,Milan
2024-05-14,21.9,13.4,10.8,Milan
2024-05-15,15.4,13.1,88.2,Milan
2024-05-16,17.9,12.1,40.9,Milan
2024-05-17,20.6,9.6,0.9,Milan
2024-05-18,21.9,11.3,6.0,Milan
2024-05-19,22.6,12.4,0.0,Milan
2024-05-20,22.9,12.4,16.7,Milan
2024-05-21,22.8,14.4,17.0,Milan
2024-05-22,20.6,14.1,3.7,Milan
2024-05-23,18.0,13.2,9.8,Milan
2024-05-24,20.1,11.2,10.8,Milan
2024-05-25,19.8,13.1,9.7,Milan
2024-05-26,24.2,11.1,0.0,Milan
2024-05-27,24.3,14.2,6.6,Milan
2024-05-28,23.6,14.4,0.5,Milan
2024-05-29,23.6,16.3,3.3,Milan
2024-05-30,21.6,15.4,18.0,Milan
2024-05-31,18.8,14.6,8.0,Milan
2024-06-01,24.1,11.9,0.8,Milan
2024-06-02,22.9,13.4,3.1,Milan
2024-06-03,22.5,13.9,2.0,Milan
2024-06-04,22.6,14.2,1.1,Milan
2024-06-05,24.9,14.6,0.1,Milan
2024-06-06,26.4,15.7,0.3,Milan
2024-06-07,26.2,17.2,0.0,Milan
2024-06-08,26.7,17.5,0.0,Milan
2024-06-09,26.7,18.2,15.9,Milan
2024-06-10,26.0,17.3,9.5,Milan
2024-06-11,22.4,16.8,40.2,Milan
2024-06-12,21.8,15.3,25.8,Milan
2024-06-13,22.1,14.1,8.9,Milan
2024-06-14,22.5,14.8,0.1,Milan
2024-06-15,22.4,16.5,3.1,Milan
2024-06-16,24.4,16.3,0.5,Milan
2024-06-17,26.4,15.9,0.0,Milan
2024-06-18,28.5,17.9,0.0,Milan
2024-06-19,29.4,18.7,0.0,Milan
2024-06-20,29.2,21.8,0.1,Milan
2024-06-21,26.5,18.5,20.5,Milan
2024-06-22,27.6,16.4,0.0,Milan
2024-06-23,19.9,16.4,32.8,Milan
2024-06-24,24.0,16.0,1.9,Milan
2024-06-25,23.5,16.9,6.0,Milan
2024-06-26,25.4,15.9,0.7,Milan
2024-06-27,29.0,17.1,0.0,Milan
2024-06-28,30.2,18.5,0.0,Milan
2024-06-29,28.9,20.5,17.8,Milan
2024-06-30,27.0,20.0,1.4,Milan
2024-07-01,25.8,19.4,1.0,Milan
2024-07-02,27.0,17.9,1.2,Milan
2024-07-03,22.0,17.8,10.8,Milan
2024-07-04,25.2,14.4,0.8,Milan
2024-07-05,27.8,16.1,0.0,Milan
2024-07-06,26.7,19.8,3.2,Milan
2024-07-07,25.5,18.7,12.9,Milan
2024-07-08,27.4,18.9,3.8,Milan
2024-07-09,30.0,19.2,0.0,Milan
2024-07-10,30.9,20.6,0.0,Milan
2024-07-11,31.5,20.8,0.0,Milan
2024-07-12,26.9,19.5,57.8,Milan
2024-07-13,27.6,18.3,1.2,Milan
2024-07-14,28.8,18.6,0.0,Milan
2024-07-15,30.8,19.1,0.0,Milan
2024-07-16,30.6,20.6,0.0,Milan
2024-07-17,30.3,20.8,0.1,Milan
2024-07-18,31.0,21.9,0.0,Milan
2024-07-19,30.9,22.6,0.0,Milan
2024-07-20,30.4,20.4,0.6,Milan
2024-07-21,29.4,21.1,1.4,Milan
2024-07-22,31.7,19.9,0.0,Milan
2024-07-23,30.6,22.8,0.0,Milan
2024-07-24,31.1,21.9,0.0,Milan
2024-07-25,30.4,21.5,2.4,Milan
2024-07-26,31.0,22.5,1.3,Milan
2024-07-27,31.4,22.3,0.2,Milan
2024-07-28,33.8,22.9,1.4,Milan
2024-07-29,32.2,22.4,11.4,Milan
2024-07-30,32.5,23.4,0.0,Milan
2024-07-31,32.7,23.6,0.0,Milan
2024-08-01,31.9,22.7,0.1,Milan
2024-08-02,31.4,22.6,0.8,Milan
2024-08-03,32.0,21.4,0.5,Milan
2024-08-04,31.4,22.5,0.0,Milan
2024-08-05,31.9,23.6,0.0,Milan
2024-08-06,31.9,23.2,2.3,Milan
2024-08-07,29.5,22.1,17.4,Milan
2024-08-08,30.5,18.8,0.0,Milan
2024-08-09,32.1,22.0,0.0,Milan
2024-08-10,33.6,23.2,0.0,Milan
2024-08-11,33.8,23.7,0.0,Milan
2024-08-12,33.7,24.4,0.3,Milan
2024-08-13,33.3,23.8,0.2,Milan
2024-08-14,32.6,22.1,1.2,Milan
2024-08-15,31.7,19.8,0.0,Milan
2024-08-16,32.2,20.6,0.0,Milan
2024-08-17,32.0,20.6,0.0,Milan
2024-08-18,25.9,20.4,28.2,Milan
2024-08-19,28.0,19.6,0.7,Milan
2024-08-20,29.6,19.9,0.0,Milan
2024-08-21,31.5,21.0,0.0,Milan
2024-08-22,29.8,22.5,0.1,Milan
2024-08-23,30.6,21.1,3.7,Milan
2024-08-24,31.3,21.1,0.0,Milan
2024-08-25,30.5,20.5,0.7,Milan
2024-08-26,28.1,20.8,12.5,Milan
2024-08-27,28.8,19.6,0.3,Milan
2024-08-28,30.2,19.5,0.0,Milan
2024-08-29,31.6,20.4,0.0,Milan
2024-08-30,32.0,20.0,0.0,Milan
2024-08-31,32.0,21.4,0.0,Milan
2024-09-01,30.8,20.6,15.9,Milan
2024-09-02,28.4,20.3,0.0,Milan
2024-09-03,28.5,19.1,0.3,Milan
2024-09-04,27.7,19.9,12.4,Milan
2024-09-05,21.2,17.8,42.1,Milan
2024-09-06,24.7,17.6,0.9,Milan
2024-09-07,26.3,17.4,0.7,Milan
2024-09-08,22.1,18.6,36.6,Milan
2024-09-09,27.0,17.4,19.2,Milan
2024-09-10,27.9,15.2,0.0,Milan
2024-09-11,24.6,16.7,3.0,Milan
2024-09-12,21.8,12.1,3.1,Milan
2024-09-13,20.5,11.1,0.0,Milan
2024-09-14,20.7,13.8,0.0,Milan
2024-09-15,25.9,12.1,0.0,Milan
2024-09-16,22.6,12.2,0.0,Milan
2024-09-17,19.5,13.4,8.0,Milan
2024-09-18,19.1,12.4,4.1,Milan
2024-09-19,23.1,12.2,0.2,Milan
2024-09-20,24.0,13.3,0.0,Milan
2024-09-21,23.0,13.8,0.8,Milan
2024-09-22,22.6,13.4,0.0,Milan
2024-09-23,20.4,15.4,17.3,Milan
2024-09-24,21.0,13.9,0.2,Milan
2024-09-25,20.1,12.1,0.6,Milan
2024-09-26,19.5,15.9,6.1,Milan
2024-09-27,24.7,15.6,4.9,Milan
2024-09-28,23.4,13.0,3.5,Milan
2024-09-29,20.4,11.6,0.1,Milan
2024-09-30,20.5,14.4,0.0,Milan
2024-10-01,19.0,14.2,3.0,Milan
2024-10-02,19.5,13.8,9.3,Milan
2024-10-03,14.9,13.5,36.3,Milan
2024-10-04,14.6,10.2,9.2,Milan
2024-10-05,17.9,9.1,0.3,Milan
2024-10-06,17.9,8.9,0.0,Milan
2024-10-07,14.8,10.9,3.5,Milan
2024-10-08,16.2,11.2,26.9,Milan
2024-10-09,17.6,10.9,6.2,Milan
2024-10-10,20.9,14.5,28.9,Milan
2024-10-11,20.4,9.7,0.2,Milan
2024-10-12,18.4,11.3,0.6,Milan
2024-10-13,20.2,12.1,0.0,Milan
2024-10-14,17.5,12.1,1.3,Milan
2024-10-15,19.9,12.8,0.1,Milan
2024-10-16,17.0,15.2,24.0,Milan
2024-10-17,18.5,14.6,27.1,Milan
2024-10-18,19.4,14.4,16.5,Milan
2024-10-19,17.0,13.4,18.6,Milan
2024-10-20,21.0,13.9,10.0,Milan
2024-10-21,21.4,12.9,0.0,Milan
2024-10-22,21.3,12.9,0.1,Milan
2024-10-23,18.0,14.4,8.3,Milan
2024-10-24,18.5,13.1,1.0,Milan
2024-10-25,17.0,13.2,5.6,Milan
2024-10-26,18.4,15.2,15.3,Milan
2024-10-27,18.0,13.4,3.5,Milan
2024-10-28,19.9,12.4,0.0,Milan
2024-10-29,19.5,11.4,0.0,Milan
2024-10-30,19.0,11.1,0.0,Milan
2024-10-31,18.5,10.7,0.0,Milan
2024-11-01,18.2,10.2,0.0,Milan
2024-11-02,18.2,9.5,0.0,Milan
2024-11-03,16.9,8.9,0.0,Milan
2024-11-04,14.1,6.9,0.0,Milan
2024-11-05,13.0,6.7,0.0,Milan
2024-11-06,12.4,5.6,0.0,Milan
2024-11-07,12.6,5.9,0.0,Milan
2024-11-08,10.4,6.7,0.0,Milan
2024-11-09,14.1,5.8,0.0,Milan
2024-11-10,13.7,4.4,0.0,Milan
2024-11-11,12.8,4.2,0.0,Milan
2024-11-12,11.7,5.8,0.0,Milan
2024-11-13,11.9,3.4,0.0,Milan
2024-11-14,11.6,4.6,0.1,Milan
2024-11-15,11.1,1.2,0.0,Milan
2024-11-16,7.4,1.9,0.0,Milan
2024-11-17,9.8,2.7,0.0,Milan
2024-11-18,10.6,4.4,0.0,Milan
2024-11-19,8.9,4.8,0.4,Milan
2024-11-20,12.9,4.7,1.3,Milan
2024-11-21,8.1,1.0,2.9,Milan
2024-11-22,8.8,0.1,0.0,Milan
2024-11-23,9.1,-0.3,0.0,Milan
2024-11-24,6.4,0.7,0.3,Milan
2024-11-25,6.8,4.2,1.4,Milan
2024-11-26,8.8,5.7,2.5,Milan
2024-11-27,10.6,5.2,1.1,Milan
2024-11-28,11.6,5.2,0.0,Milan
2024-11-29,12.0,4.9,0.0,Milan
2024-11-30,9.4,3.5,0.0,Milan
2024-12-01,8.1,1.3,0.0,Milan
2024-12-02,6.8,-1.0,0.0,Milan
2024-12-03,8.9,0.4,0.0,Milan
2024-12-04,10.0,3.0,0.0,Milan
2024-12-05,8.9,-0.6,0.0,Milan
2024-12-06,7.1,0.2,0.0,Milan
2024-12-07,4.1,-0.4,7.4,Milan
2024-12-08,4.8,2.2,6.2,Milan
2024-12-09,8.4,3.0,0.8,Milan
2024-12-10,8.1,3.8,0.0,Milan
2024-12-11,9.6,2.2,0.0,Milan
2024-12-12,5.9,1.0,0.0,Milan
2024-12-13,5.1,2.2,0.1,Milan
2024-12-14,5.6,1.4,2.9,Milan
2024-12-15,6.2,-0.6,0.0,Milan
2024-12-16,10.5,-0.1,0.0,Milan
2024-12-17,11.2,4.7,0.0,Milan
2024-12-18,9.7,4.2,0.0,Milan
2024-12-19,6.9,4.2,10.5,Milan
2024-12-20,11.1,2.5,0.0,Milan
2024-12-21,8.2,0.1,0.0,Milan
2024-12-22,5.4,-0.4,1.7,Milan
2024-12-23,9.8,-0.4,0.0,Milan
2024-12-24,11.4,1.9,0.0,Milan
2024-12-25,8.6,-0.6,0.0,Milan
2024-12-26,7.8,-1.9,0.0,Milan
2024-12-27,7.4,-2.3,0.0,Milan
2024-12-28,8.8,-0.3,0.0,Milan
2024-12-29,9.1,-0.6,0.0,Milan
2024-12-30,8.4,-0.9,0.0,Milan
2024-12-31,7.3,-1.4,0.0,Milan
